﻿<?xml version="1.0" encoding="utf-8"?>

<resources>
  <color name="primary">#ff0000</color>
  <color name="primaryDark">#cc0000</color>
  <color name="accent">#ff6633</color>
  
  <color name="prismGreen">#33cc00</color>
  <color name="prismOrange">#ff9900</color>
  <color name="prismYellow">#ffff00</color>

  <color name="prismWhite">#F5F5F5</color>
  <color name="prismGrey">#616161</color>
  <color name="PrismFontMain">#424242</color>
  
  <color name="window_background">#FAFAFA</color>
  <color name="splash_background">#FFFFFF</color>

  <color name="FontHeader">#212121</color>
  <color name="FontRegular">#424242</color>
  <color name="FontBlueHint">#3F51B5</color>
  <color name="FontRedHint">#E91E63</color>
  
</resources>