﻿<?xml version="1.0" encoding="utf-8" ?>
<resources>
  <style name="PrismTheme" parent = "Theme.AppCompat.Light">  
    <item name="android:windowBackground">@color/window_background</item>
  </style>

  <style name="PrismTheme.Login" parent ="PrismTheme">
    <!-- <item name="windowActionBar">false</item><item name="windowNoTitle">true</item> -->
  </style>
  
  <!-- Other Styles Bar Bits -->  
    <style name="ActionBar.Solid.Example" parent="@android:style/Widget.Holo.Light.ActionBar.Solid">
      <item name="android:background">@drawable/ab_solid_example</item>
      <item name="android:backgroundStacked">@drawable/ab_stacked_solid_example</item>
      <item name="android:backgroundSplit">@drawable/ab_bottom_solid_example</item>
      <item name="android:progressBarStyle">@style/ProgressBar.Example</item>
    </style>

    <style name="ActionBar.Transparent.Example" parent="@android:style/Widget.Holo.Light.ActionBar">
      <item name="android:background">@drawable/ab_transparent_example</item>
      <item name="android:progressBarStyle">@style/ProgressBar.Example</item>
    </style>

    <style name="PopupMenu.Example" parent="@android:style/Widget.Holo.Light.ListPopupWindow">
      <item name="android:popupBackground">@drawable/menu_dropdown_panel_example</item>
    </style>

    <style name="DropDownListView.Example" parent="@android:style/Widget.Holo.Light.ListView.DropDown">
      <item name="android:listSelector">@drawable/selectable_background_example</item>
    </style>

    <style name="ActionBarTabStyle.Example" parent="@android:style/Widget.Holo.Light.ActionBar.TabView">
      <item name="android:background">@drawable/tab_indicator_ab_example</item>
    </style>

    <style name="DropDownNav.Example" parent="@android:style/Widget.Holo.Light.Spinner">
      <item name="android:background">@drawable/spinner_background_ab_example</item>
      <item name="android:popupBackground">@drawable/menu_dropdown_panel_example</item>
      <item name="android:dropDownSelector">@drawable/selectable_background_example</item>
    </style>

    <style name="ProgressBar.Example" parent="@android:style/Widget.Holo.Light.ProgressBar.Horizontal">
      <item name="android:progressDrawable">@drawable/progress_horizontal_example</item>
    </style>

    <style name="ActionButton.CloseMode.Example" parent="@android:style/Widget.Holo.Light.ActionButton.CloseMode">
      <item name="android:background">@drawable/btn_cab_done_example</item>
    </style>
  <!-- Other Style Bar Bits -->

  <!-- Main Theme-->
    <style name="PrismTheme.Base" parent="@android:style/Theme.Holo.Light.DarkActionBar">
      <item name="android:actionBarItemBackground">@drawable/selectable_background_example</item>
      <item name="android:popupMenuStyle">@style/PopupMenu.Example</item>
      <item name="android:dropDownListViewStyle">@style/DropDownListView.Example</item>
      <item name="android:actionBarTabStyle">@style/ActionBarTabStyle.Example</item>
      <item name="android:actionDropDownStyle">@style/DropDownNav.Example</item>
      <item name="android:actionBarStyle">@style/ActionBar.Solid.Example</item>
      <item name="android:actionModeBackground">@drawable/cab_background_top_example</item>
      <item name="android:actionModeSplitBackground">@drawable/cab_background_bottom_example</item>
      <item name="android:actionModeCloseButtonStyle">@style/ActionButton.CloseMode.Example</item>
      <item name="android:windowBackground">@color/window_background</item>
    </style>
  <!-- Main Theme--> 
  
  <!-- text styles -->
  <style name="Fonts">
    <item name ="android:fontFamily">sans-serif</item>
  </style>
  
  <style name="FontsHeaders" parent="Fonts">
    <item name ="android:typeface">sans</item>
    <item name="android:textColor">@color/FontHeader</item>    
    <item name ="android:textSize">20sp</item>
  </style>
  <style name="FontsRegular" parent="Fonts">
    <item name ="android:textSize">15sp</item>    
    <item name="android:textColor">@color/FontRegular</item>
  </style>  
  <style name="FontsRedHint" parent="Fonts">
    <item name ="android:textSize">15sp</item>
    <item name="android:textColor">@color/FontRedHint</item>
    <item name="android:textStyle">bold</item>
  </style>
  <style name="FontsBlueHint" parent="Fonts">
    <item name ="android:textSize">15sp</item>
    <item name="android:textColor">@color/FontBlueHint</item>
  </style>  
 </resources>