<?xml version="1.0" encoding="utf-8"?>
<resources>
  <color name="theme_devicedefault_background">@color/primary</color>
  <style name="Theme.Custom" parent="@android:style/Theme.DeviceDefault">
    <item name="android:colorBackground">@color/theme_devicedefault_background</item>
    <item name="android:windowBackground">?android:attr/colorBackground</item>
  <item name="android:colorPrimary">@color/primary</item><item name="android:colorPrimaryDark">@color/primaryDark</item><item name="android:colorAccent">@color/accent</item></style>
</resources>